<?xml version="1.0" encoding="utf-8"?> 
<LinearLayout xmlns:android="http://schemas.android.com/apk/res/android" 
xmlns:app="http://schemas.android.com/apk/res-auto" 
android:layout_width="match_parent" 
android:layout_height="match_parent" 
xmlns:tools="http://schemas.android.com/tools" 
android:orientation="vertical" 
android:background="@color/white" 
    android:theme="@style/Theme.AppCompat"> 
 
    <!-- Title Text --> 
    <TextView 
        android:id="@+id/textView" 
        android:layout_width="wrap_content" 
        android:layout_height="wrap_content" 
        android:layout_gravity="center" 
        android:text="Now Playing..." 
        android:textSize="18sp" 
        android:textStyle="bold" 
        android:padding="5dp" 
        android:textColor="#9C27B0"/> 
 
    <!-- Album Art / Cover Image --> 
    <androidx.cardview.widget.CardView 
        android:layout_width="200dp" 
        android:layout_height="200dp" 
        android:layout_gravity="center" 
        app:cardCornerRadius="28dp" 
        android:layout_margin="10dp" 
        android:elevation="10dp"> 
        <ImageView 
            android:id="@+id/roundedImageView" 
            android:layout_width="200dp" 
            android:layout_height="200dp" 
            android:scaleType="centerCrop" 
            android:src="@drawable/img" /> 
    </androidx.cardview.widget.CardView> 
 
    <!-- Music Control Buttons --> 
    <LinearLayout 
        android:layout_width="match_parent" 
        android:layout_height="wrap_content" 
        android:gravity="center" 
        android:orientation="horizontal" 
        android:padding="10dp"> 
 
        <Button 
            android:id="@+id/prev" 
            style="@style/Widget.AppCompat.Button.Colored" 
            android:layout_width="100dp" 
            android:layout_height="100dp" 
            android:layout_margin="10dp" 
            android:background="@drawable/img_3" 
            android:contentDescription="Previous song" 
            android:textColorLink="#BDB855" 
            app:iconTint="#FBBDBD" 
            app:rippleColor="#CE5B5B" 
            tools:ignore="SpeakableTextPresentCheck" /> 
 
        <Button 
            android:id="@+id/img_1" 
            android:layout_width="100dp" 
            android:layout_height="100dp" 
            android:background="@drawable/img_1" 
            android:contentDescription="Play or Pause music" 
            tools:ignore="SpeakableTextPresentCheck"/> 
 
        <Button 
            android:id="@+id/samp" 
            android:layout_width="100dp" 
            android:layout_height="100dp" 
            android:layout_margin="10dp" 
            android:background="@drawable/img_4" 
            android:contentDescription="Next song" 
            tools:ignore="SpeakableTextPresentCheck" /> 
 
    </LinearLayout> 
 
    <!-- Use ConstraintLayout for SeekBar --> 
    <androidx.constraintlayout.widget.ConstraintLayout 
        android:layout_width="match_parent" 
        android:layout_height="wrap_content"> 
 
        <SeekBar 
            android:id="@+id/seekBar" 
            android:layout_width="0dp" 
            android:layout_height="wrap_content" 
            android:max="100" 
            android:progress="0" 
            android:layout_margin="10dp" 
            app:layout_constraintTop_toTopOf="parent" 
            app:layout_constraintLeft_toLeftOf="parent" 
            app:layout_constraintRight_toRightOf="parent" 
            app:layout_constraintWidth_percent="1"/> 
    </androidx.constraintlayout.widget.ConstraintLayout> 
 
</LinearLayout>
